id,prompt_name,input,target
0,given_a_choice_of_categories ,"Sparebanken NOR -  Union Bank of Norway branded as Sparebanken NOR was Norway's largest savings bank between 1990 and 1999. The bank was created as a merger between Sparebanken ABC and four other regional savings banks. The new bank had its headquarters in Oslo and was in existence until 1999 when it merged with Gjensidige to form Gjensidige NOR. Given a choice of categories company, educational institution, artist, athlete, office holder, mean of transportation, building, natural place, village, animal, plant, album, film or written work, the text refers to which one?",Company
1,given_a_list_of_category_what_does_the_title_belong_to,"""American Letter Mail Company"", given a list of categories: company, educational institution, artist, athlete, office holder, mean of transportation, building, natural place, village, animal, plant, album, film or written work, what category does the title belong to?",Company
2,given_list_what_category_does_the_paragraph_belong_to,"Corridors of Power is the third solo album by Irish guitarist Gary Moore released in 1982. It contains a cover of Free's Wishing Well. Given a list of categories: company, educational institution, artist, athlete, office holder, mean of transportation, building, natural place, village, animal, plant, album, film or written work, what category does the paragraph belong to?",Album
3,pick_one_category_for_the_following_text,"Pick one category for the following text. The options are - company, educational institution, artist, athlete, office holder, mean of transportation, building, natural place, village, animal, plant, album, film or written work. Kanni Banmauk -  Kanni is a village in Banmauk Township Katha District in the Sagaing Region of northern-central Burma.",Village
4,given_a_choice_of_categories ,"Zombie Hunter (film) -  Zombie Hunter is a 2013 American direct-to-video action-thriller film directed and written by Kevin King for The Klimax and Arrowstorm Entertainment. The film stars Danny Trejo Martin Copping and Clare Niederpruem. It follows a group of humans led by Jesús (Trejo) defending themselves from flesh-devouring zombies. A fundraising campaign was hosted on the website Kickstarter to help fulfill the production team's desired budget. Given a choice of categories company, educational institution, artist, athlete, office holder, mean of transportation, building, natural place, village, animal, plant, album, film or written work, the text refers to which one?",Film
5,given_a_list_of_category_what_does_the_title_belong_to,"""Tom McGuinness (Gaelic footballer)"", given a list of categories: company, educational institution, artist, athlete, office holder, mean of transportation, building, natural place, village, animal, plant, album, film or written work, what category does the title belong to?",Athlete
6,given_list_what_category_does_the_paragraph_belong_to,"Żerechowa [ʐɛrɛˈxɔva] is a village in the administrative district of Gmina Łęki Szlacheckie within Piotrków County Łódź Voivodeship in central Poland. It lies approximately 7 kilometres (4 mi) north-west of Łęki Szlacheckie 20 km (12 mi) south of Piotrków Trybunalski and 65 km (40 mi) south of the regional capital Łódź.The village has a population of 254. Given a list of categories: company, educational institution, artist, athlete, office holder, mean of transportation, building, natural place, village, animal, plant, album, film or written work, what category does the paragraph belong to?",Village
7,pick_one_category_for_the_following_text,"Pick one category for the following text. The options are - company, educational institution, artist, athlete, office holder, mean of transportation, building, natural place, village, animal, plant, album, film or written work. Honesdale High School -  Honesdale High School is a public four-year regional high school serving grades 9-12 in Honesdale Wayne County Pennsylvania United States as a part of the Wayne Highlands School District. In 2010 the School reported an enrollment of 978 pupils in grades 9th through 12th with 333 pupils eligible for a federal free or reduced-price lunch due to the family meeting the federal poverty level. The school employed 67 teachers yielding a student–teacher ratio of 14:1.",EducationalInstitution
8,given_a_choice_of_categories ,"Adam Oehlenschläger -  Adam Gottlob Oehlenschläger (14 November 1779 – 20 January 1850) was a Danish poet and playwright. He introduced romanticism into Danish literature. Given a choice of categories company, educational institution, artist, athlete, office holder, mean of transportation, building, natural place, village, animal, plant, album, film or written work, the text refers to which one?",Artist
9,given_a_list_of_category_what_does_the_title_belong_to,"""Fun Cinemas"", given a list of categories: company, educational institution, artist, athlete, office holder, mean of transportation, building, natural place, village, animal, plant, album, film or written work, what category does the title belong to?",Company
10,given_list_what_category_does_the_paragraph_belong_to,"Cynometra longipedicellata is a species of legume in the Fabaceae family.It is found only in Tanzania. Given a list of categories: company, educational institution, artist, athlete, office holder, mean of transportation, building, natural place, village, animal, plant, album, film or written work, what category does the paragraph belong to?",Plant
11,pick_one_category_for_the_following_text,"Pick one category for the following text. The options are - company, educational institution, artist, athlete, office holder, mean of transportation, building, natural place, village, animal, plant, album, film or written work. Aechmea 'Christie March' -  'Christie March' is a hybrid cultivar of the genus Aechmea in the Bromeliad family.",Plant
12,given_a_choice_of_categories ,"Eucalyptus conica -  Eucalyptus conica known as the Fuzzy Box is a common eucalyptus tree of the slopes and plains of New South Wales and adjacent areas in Queensland. Occurring as far north as the Carnarvon Range.Growing to 20 metres tall the bark is grey flaky box type bark with some paler patches shedding in short ribbons. Adult leaves are lanceolate or narrow-lanceolate in shape 7 to 12 cm long 0.8 to 2.5 cm wide. Greyish dull green on both sides. Locally frequent in grassy or dry sclerophyll woodland. Given a choice of categories company, educational institution, artist, athlete, office holder, mean of transportation, building, natural place, village, animal, plant, album, film or written work, the text refers to which one?",Plant
13,given_a_list_of_category_what_does_the_title_belong_to,"""In Persuasion Nation"", given a list of categories: company, educational institution, artist, athlete, office holder, mean of transportation, building, natural place, village, animal, plant, album, film or written work, what category does the title belong to?",WrittenWork
14,given_list_what_category_does_the_paragraph_belong_to,"Schwartziella puncticulata is a species of minute sea snail a marine gastropod mollusk or micromollusk in the family Rissoinidae. Given a list of categories: company, educational institution, artist, athlete, office holder, mean of transportation, building, natural place, village, animal, plant, album, film or written work, what category does the paragraph belong to?",Animal
15,pick_one_category_for_the_following_text,"Pick one category for the following text. The options are - company, educational institution, artist, athlete, office holder, mean of transportation, building, natural place, village, animal, plant, album, film or written work. Harrisburg High School (Arkansas) -  Harrisburg High School (HHS) is an accredited comprehensive public high school located in the city of Harrisburg Arkansas United States. The school provides secondary education for students in grades 9 through 12 serving all or portions of the communities of Harrisburg Weiner Cherry Valley and Trumann within Poinsett County Arkansas and is the sole high school administered by the Harrisburg School District.",EducationalInstitution
16,given_a_choice_of_categories ,"Bank of the Southwest Tower -  The Bank of the Southwest Tower was a proposed building located in Houston Texas at 1404 ft tall. It would have been second tallest building in North America after the Willis Tower in Chicago.[citation needed] With an estimated construction cost of $350–400 million the project was cancelled before construction commenced due to lack of funds during the economic downturn.The design created by architect Helmut Jahn of Murphy/Jahn Inc. Architects was the winner of a design competition in 1982. Given a choice of categories company, educational institution, artist, athlete, office holder, mean of transportation, building, natural place, village, animal, plant, album, film or written work, the text refers to which one?",Building
17,given_a_list_of_category_what_does_the_title_belong_to,"""Thalatta"", given a list of categories: company, educational institution, artist, athlete, office holder, mean of transportation, building, natural place, village, animal, plant, album, film or written work, what category does the title belong to?",Animal
18,given_list_what_category_does_the_paragraph_belong_to,"Kerem Cem Dürük (born 28 December 1977 in Muğla Turkey) better known as Keremcem is a Turkish pop singer and actor. He also hosted the short-lived television show Keremcem ile söyle söyleyebilirsen on Star TV. Given a list of categories: company, educational institution, artist, athlete, office holder, mean of transportation, building, natural place, village, animal, plant, album, film or written work, what category does the paragraph belong to?",Artist
19,pick_one_category_for_the_following_text,"Pick one category for the following text. The options are - company, educational institution, artist, athlete, office holder, mean of transportation, building, natural place, village, animal, plant, album, film or written work. Vriesea croceana -  Vriesea croceana is a species of the genus Vriesea. This species is endemic to Brazil.",Plant
20,given_a_choice_of_categories ,"Suleyman Rustam -  Suleyman Rustam (Azerbaijani: Süleyman Rüstəm; November 27 1906 - June 10 1989) is poet of the Soviet Azerbaijan playwright and a public figure. He is the poet of the Azerbaijan SSR (1960) laureate of the Stalin State Prize of the second degree (1950) Hero of Socialist Labour (1976) and a member of the Communist Party of the Soviet Union from 1940. Given a choice of categories company, educational institution, artist, athlete, office holder, mean of transportation, building, natural place, village, animal, plant, album, film or written work, the text refers to which one?",Artist
21,given_a_list_of_category_what_does_the_title_belong_to,"""Nasrat Sharqi"", given a list of categories: company, educational institution, artist, athlete, office holder, mean of transportation, building, natural place, village, animal, plant, album, film or written work, what category does the title belong to?",Artist
22,given_list_what_category_does_the_paragraph_belong_to,"My Lost Mexico (1992) by American author James A. Michener is a nonfiction account of Michener's endeavor to write a big novel about Mexico in the grand style of his other popular novels like Hawaii. Michener relates the long journey of a novel which he had begun writing early in his career but had abandoned and the manuscript had ultimately been lost. Its discovery 30 years later led to the 1992 bestseller Mexico. Given a list of categories: company, educational institution, artist, athlete, office holder, mean of transportation, building, natural place, village, animal, plant, album, film or written work, what category does the paragraph belong to?",WrittenWork
23,pick_one_category_for_the_following_text,"Pick one category for the following text. The options are - company, educational institution, artist, athlete, office holder, mean of transportation, building, natural place, village, animal, plant, album, film or written work. Bambous Mauritius -  Bambous is a village in Mauritius located in the Rivière Noire District. The village is administered by the Bambous Village Council under the aegis of the Rivière Noire District Council. According to the census made by Statistics Mauritius in 2011 the population was at 15345.",Village
24,given_a_choice_of_categories ,"Väike-Ahli -  Väike-Ahli is a village in Ridala Parish Lääne County in western Estonia. Given a choice of categories company, educational institution, artist, athlete, office holder, mean of transportation, building, natural place, village, animal, plant, album, film or written work, the text refers to which one?",Village
25,given_a_list_of_category_what_does_the_title_belong_to,"""Faceless (film)"", given a list of categories: company, educational institution, artist, athlete, office holder, mean of transportation, building, natural place, village, animal, plant, album, film or written work, what category does the title belong to?",Film
26,given_list_what_category_does_the_paragraph_belong_to,"Glycyrrhiza acanthocarpa commonly known as Native Liquorice is a subshrub in the pea family Fabaceae. The species is native to Australia. It grows to between 0.1 and 1 metre high. Narrow purple flowers appear between September and May in the species native range.The species was formally described in in 1838 by botanist John Lindley in Three Expeditions into the interior of Eastern Australia. Given a list of categories: company, educational institution, artist, athlete, office holder, mean of transportation, building, natural place, village, animal, plant, album, film or written work, what category does the paragraph belong to?",Plant
27,pick_one_category_for_the_following_text,"Pick one category for the following text. The options are - company, educational institution, artist, athlete, office holder, mean of transportation, building, natural place, village, animal, plant, album, film or written work. The Case of the 3 Sided Dream in Audio Color -  The Case of the 3 Sided Dream in Audio Color is an album by jazz multi-instrumentalist Rahsaan Roland Kirk originally released as a double LP with side 4 appearing blank - although side 4 did have a hidden track the contents of which are released as track #20 on the CD rerelease.",Album
28,given_a_choice_of_categories ,"Sechereș River -  The Sechereș River (in Hungarian Szekeres) is a tributary of the Crucea River in Romania Given a choice of categories company, educational institution, artist, athlete, office holder, mean of transportation, building, natural place, village, animal, plant, album, film or written work, the text refers to which one?",NaturalPlace
29,given_a_list_of_category_what_does_the_title_belong_to,"""Death Studies"", given a list of categories: company, educational institution, artist, athlete, office holder, mean of transportation, building, natural place, village, animal, plant, album, film or written work, what category does the title belong to?",WrittenWork
30,given_list_what_category_does_the_paragraph_belong_to,"Murgaš is a village in the municipality of Ub Serbia. According to the 2002 census the village has a population of 559 people. Given a list of categories: company, educational institution, artist, athlete, office holder, mean of transportation, building, natural place, village, animal, plant, album, film or written work, what category does the paragraph belong to?",Village
31,pick_one_category_for_the_following_text,"Pick one category for the following text. The options are - company, educational institution, artist, athlete, office holder, mean of transportation, building, natural place, village, animal, plant, album, film or written work. Yvonne Adhiambo Owuor -  Yvonne Adhiambo Owuor (born 1968) is a Kenyan writer who was named Woman of the Year by Eve Magazine in Kenya in 2004 for her contribution to the country's literature and arts. She won the 2003 Caine Prize for African Writing for her story Weight of Whispers which considers an aristocratic Rwandan refugee in Kenya. The story was originally published in Kwani? the Kenyan literary magazine set up by Binyavanga Wainaina after he won the Caine Prize the previous year.",Artist
32,given_a_choice_of_categories ,"Miss Leelavathi -  Miss Leelavathi (Kannada: ಮಿಸ್ ಲೀಲಾವತಿ) is a 1965 Indian Kannada language film directed by M. R. Vittal and written by Korati Srinivasa Rao. It stars Jayanthi as the protagonist along with Udaykumar K. S. Ashwath Ramesh and others. The film won the National Award for second best film in Kannada.The film was talked about for its bold portrayal of women and was accredited of being the first Kannada feature film showing the leading lady wearing a swim suit. The film was a musical hit with R. Given a choice of categories company, educational institution, artist, athlete, office holder, mean of transportation, building, natural place, village, animal, plant, album, film or written work, the text refers to which one?",Film
33,given_a_list_of_category_what_does_the_title_belong_to,"""Mount Tsubakuro"", given a list of categories: company, educational institution, artist, athlete, office holder, mean of transportation, building, natural place, village, animal, plant, album, film or written work, what category does the title belong to?",NaturalPlace
34,given_list_what_category_does_the_paragraph_belong_to,"Jasminum multiflorum is a species of jasmine in the family Oleaceae. It is known as Winter Jasmine Indian Jasmine Downy Jasmine and Star Jasmine. It flowers in Indian winter. Given a list of categories: company, educational institution, artist, athlete, office holder, mean of transportation, building, natural place, village, animal, plant, album, film or written work, what category does the paragraph belong to?",Plant
35,pick_one_category_for_the_following_text,"Pick one category for the following text. The options are - company, educational institution, artist, athlete, office holder, mean of transportation, building, natural place, village, animal, plant, album, film or written work. The Warrens of Virginia (1915 film) -  The Warrens of Virginia is a 1915 American drama film directed by Cecil B. DeMille. Prints of the film survive.",Film
36,given_a_choice_of_categories ,"Battle Abbey School -  Battle Abbey School is an independent coeducational day and boarding school in the small town of Battle East Sussex England. The senior school occupies part of the town's ruined abbey complex and it is from here that the school derives its name. The school prides itself on its high academic standards and intimate family atmosphere. Given a choice of categories company, educational institution, artist, athlete, office holder, mean of transportation, building, natural place, village, animal, plant, album, film or written work, the text refers to which one?",EducationalInstitution
37,given_a_list_of_category_what_does_the_title_belong_to,"""Black caecilian"", given a list of categories: company, educational institution, artist, athlete, office holder, mean of transportation, building, natural place, village, animal, plant, album, film or written work, what category does the title belong to?",Animal
38,given_list_what_category_does_the_paragraph_belong_to,"All's Well Ends Well 2011 is a 2011 Hong Kong romantic comedy film directed by Chan Hing-ka and Janet Chun. It is the sixth installment in the All's Well Ends Well film series was released on 2 February 2011. Given a list of categories: company, educational institution, artist, athlete, office holder, mean of transportation, building, natural place, village, animal, plant, album, film or written work, what category does the paragraph belong to?",Film
39,pick_one_category_for_the_following_text,"Pick one category for the following text. The options are - company, educational institution, artist, athlete, office holder, mean of transportation, building, natural place, village, animal, plant, album, film or written work. Dana Wyse -  Dana Wyse (born August 9 1965 in Vancouver British Columbia) is a Canadian writer and visual artist. In 1991 Dana Wyse received her BFA from the University of British Columbia. She lives and works between Vancouver and Paris.In 1996 Wyse began her best known artwork a pill-themed installation called Jesus Had A Sister Productions It is a work-in-progress to which the artist adds new elements each year.",Artist
40,given_a_choice_of_categories ,"The Real Glory -  The Real Glory is a 1939 Samuel Goldwyn Productions action film starring Gary Cooper David Niven and Broderick Crawford released by United Artists in the weeks immediately following Nazi Germany's invasion of Poland. Based on a 1937 novel of the same name by Charles L. Clifford and directed by Henry Hathaway the film is set against the backdrop of the Moro Rebellion during the American occupation of the Philippines at the beginning of the twentieth century. Given a choice of categories company, educational institution, artist, athlete, office holder, mean of transportation, building, natural place, village, animal, plant, album, film or written work, the text refers to which one?",Film
41,given_a_list_of_category_what_does_the_title_belong_to,"""Super Pack 2"", given a list of categories: company, educational institution, artist, athlete, office holder, mean of transportation, building, natural place, village, animal, plant, album, film or written work, what category does the title belong to?",Album
42,given_list_what_category_does_the_paragraph_belong_to,"Dębicze [dɛmˈbit͡ʂɛ] is a village in the administrative district of Gmina Grabów nad Prosną within Ostrzeszów County Greater Poland Voivodeship in west-central Poland. It lies approximately 6 kilometres (4 mi) south-east of Grabów nad Prosną 15 km (9 mi) north-east of Ostrzeszów and 136 km (85 mi) south-east of the regional capital Poznań. Given a list of categories: company, educational institution, artist, athlete, office holder, mean of transportation, building, natural place, village, animal, plant, album, film or written work, what category does the paragraph belong to?",Village
43,pick_one_category_for_the_following_text,"Pick one category for the following text. The options are - company, educational institution, artist, athlete, office holder, mean of transportation, building, natural place, village, animal, plant, album, film or written work. École Mathieu-Martin -  École Mathieu-Martin is a Francophone high school on Route 132 located in Dieppe New Brunswick Canada. With an enrollment of close to 1025 the school is the largest of the French-language high schools in the Moncton area. It mostly serves the francophone students of the city of Dieppe and the village of Memramcook New Brunswick. In addition it is the third largest francophone Secondary school in Atlantic Canada.",EducationalInstitution
44,given_a_choice_of_categories ,"Paul Tittl -  Paul Tittl (born November 23 1961) is an American businessman and politician.From Manitowoc Wisconsin Tittl owns Vacuum & Sew Center and Paintball Paul's. Tittl also served on the Manitowoc County Board of Supervisor and Manitowoc Common Council. In November 2012 Tittl was elected to the Wisconsin State Assembly as a Republican. Given a choice of categories company, educational institution, artist, athlete, office holder, mean of transportation, building, natural place, village, animal, plant, album, film or written work, the text refers to which one?",OfficeHolder
45,given_a_list_of_category_what_does_the_title_belong_to,"""French frigate Brune (1756)"", given a list of categories: company, educational institution, artist, athlete, office holder, mean of transportation, building, natural place, village, animal, plant, album, film or written work, what category does the title belong to?",MeanOfTransportation
46,given_list_what_category_does_the_paragraph_belong_to,"399 Park Avenue is a 41-story office building that is the world headquarters of Citigroup in New York City United States.Citigroup's chairman and chief executive officer operate from the building's second floor. Given a list of categories: company, educational institution, artist, athlete, office holder, mean of transportation, building, natural place, village, animal, plant, album, film or written work, what category does the paragraph belong to?",Building
47,pick_one_category_for_the_following_text,"Pick one category for the following text. The options are - company, educational institution, artist, athlete, office holder, mean of transportation, building, natural place, village, animal, plant, album, film or written work. Anthidium weyrauchi -  Anthidium weyrauchi is a species of bee in the family Megachilidae the leaf-cutter carder or mason bees.",Animal
48,given_a_choice_of_categories ,"Andrea Tafi (cyclist) -  Andrea Tafi (born 7 May 1966 in Fucecchio) is an Italian former road bicycle racer who retired from his professional career in 2005. Tafi's propensity to perform best in the harder races earned him the nickname Il Gladiatore (The Gladiator).He specialized in the cobbled Spring Classics such as Paris–Roubaix which he won in 1999 and Tour of Flanders which he won in 2002. Given a choice of categories company, educational institution, artist, athlete, office holder, mean of transportation, building, natural place, village, animal, plant, album, film or written work, the text refers to which one?",Athlete
49,given_a_list_of_category_what_does_the_title_belong_to,"""Eudonia melanographa"", given a list of categories: company, educational institution, artist, athlete, office holder, mean of transportation, building, natural place, village, animal, plant, album, film or written work, what category does the title belong to?",Animal
50,given_list_what_category_does_the_paragraph_belong_to,"Moos Tower is a building on the University of Minnesota campus in Minneapolis Minnesota. It is named after Malcolm Moos who was president of the University from 1967 to 1974. Inside Moos Tower are labs and faculty offices for the College of Dentistry and a CityKid Java with a designated study lounge.Moos Tower is an example of Brutalist architecture. Given a list of categories: company, educational institution, artist, athlete, office holder, mean of transportation, building, natural place, village, animal, plant, album, film or written work, what category does the paragraph belong to?",Building
51,pick_one_category_for_the_following_text,"Pick one category for the following text. The options are - company, educational institution, artist, athlete, office holder, mean of transportation, building, natural place, village, animal, plant, album, film or written work. La France (French newspaper) -  La France was a daily financial newspaper in the 19th century. Founded in August 1862 by Arthur de La Guéronnière the newspaper originally followed an editorial line that reconciled loyalty to Napoleon III with the reaffirmation of the temporal power of the Pope.It was bought in 1874 by Émile de Girardin founder of the famous newspaper La Presse and a longtime collaborator of La Guéronnière.",WrittenWork
52,given_a_choice_of_categories ,"Once Upon a Time (1994 film) -  Once Upon a Time or Once Upon a Time... This Morning (Thai: กาลครั้งหนึ่งเมื่อเช้านี้ or Kalla khrung nueng... muea chao nee) is a 1994 Thai drama film directed by Bhandit Rittakol. Given a choice of categories company, educational institution, artist, athlete, office holder, mean of transportation, building, natural place, village, animal, plant, album, film or written work, the text refers to which one?",Film
53,given_a_list_of_category_what_does_the_title_belong_to,"""Sisyrinchium pruinosum"", given a list of categories: company, educational institution, artist, athlete, office holder, mean of transportation, building, natural place, village, animal, plant, album, film or written work, what category does the title belong to?",Plant
54,given_list_what_category_does_the_paragraph_belong_to,"Salvia amplexicaulis is a herbaceous perennial that is native to southeastern Europe. It is a close relative of Salvia nemorosa. Its specific epithet amplexicaulis refers to the stem-clasping stem leaves which have no stalks. Violet-blue flowers grow closely together in whorls forming a nearly continuous spike with plants reaching up to 90 cm (3.0 ft) tall. Given a list of categories: company, educational institution, artist, athlete, office holder, mean of transportation, building, natural place, village, animal, plant, album, film or written work, what category does the paragraph belong to?",Plant
55,pick_one_category_for_the_following_text,"Pick one category for the following text. The options are - company, educational institution, artist, athlete, office holder, mean of transportation, building, natural place, village, animal, plant, album, film or written work. Ladina -  Ladina is a village in Croatia. It is connected by the D26 highway.",Village
56,given_a_choice_of_categories ,"Dragon Fighter -  Dragon Fighter is a Sci Fi Pictures original film that premiered on January 4 2003 and was directed by Phillip J. Roth. It stars Dean Cain and Kristine Byers. Given a choice of categories company, educational institution, artist, athlete, office holder, mean of transportation, building, natural place, village, animal, plant, album, film or written work, the text refers to which one?",Film
57,given_a_list_of_category_what_does_the_title_belong_to,"""Waleed Jassem"", given a list of categories: company, educational institution, artist, athlete, office holder, mean of transportation, building, natural place, village, animal, plant, album, film or written work, what category does the title belong to?",Athlete
58,given_list_what_category_does_the_paragraph_belong_to,"The Cayapas River is a river of Ecuador. Given a list of categories: company, educational institution, artist, athlete, office holder, mean of transportation, building, natural place, village, animal, plant, album, film or written work, what category does the paragraph belong to?",NaturalPlace
59,pick_one_category_for_the_following_text,"Pick one category for the following text. The options are - company, educational institution, artist, athlete, office holder, mean of transportation, building, natural place, village, animal, plant, album, film or written work. Talamancalia fosbergii -  Talamancalia fosbergii is a species of flowering plant in the Asteraceae family.It is found only in Ecuador.Its natural habitat is subtropical or tropical moist montane forests.It is threatened by habitat loss.",Plant
60,given_a_choice_of_categories ,"Noe Venable -  Noe Venable (born April 20 1976 in San Francisco California) is an experimental folk/pop singer-songwriter. She has earned a loyal fan base in her native San Francisco in part through frequently performing in small intimate venues. Her advocacy of small venues caused a stir in the San Francisco music community when she took San Francisco Chronicle reporter Joel Selvin to task for claiming that the city's music scene was dead. Given a choice of categories company, educational institution, artist, athlete, office holder, mean of transportation, building, natural place, village, animal, plant, album, film or written work, the text refers to which one?",Artist
61,given_a_list_of_category_what_does_the_title_belong_to,"""High Stile"", given a list of categories: company, educational institution, artist, athlete, office holder, mean of transportation, building, natural place, village, animal, plant, album, film or written work, what category does the title belong to?",NaturalPlace
62,given_list_what_category_does_the_paragraph_belong_to,"Pollia dorbignyi is a species of sea snail a marine gastropod mollusk in the family Buccinidae the true whelks. Given a list of categories: company, educational institution, artist, athlete, office holder, mean of transportation, building, natural place, village, animal, plant, album, film or written work, what category does the paragraph belong to?",Animal
63,pick_one_category_for_the_following_text,"Pick one category for the following text. The options are - company, educational institution, artist, athlete, office holder, mean of transportation, building, natural place, village, animal, plant, album, film or written work. St James Independent Schools -  St James' Independent Schools in London (UK) are three private schools for children aged 4 to 18. The juniors' and senior girls' schools are in the London Borough of Hammersmith and Fulham and the senior boys' school in Ashford Surrey.",EducationalInstitution
64,given_a_choice_of_categories ,"Frank in the River -  Frank in the River is a 24-page comic story by Jim Woodring. Like all Frank stories Frank in the River is virtually wordless and the story is conveyed entirely in pantomime. Given a choice of categories company, educational institution, artist, athlete, office holder, mean of transportation, building, natural place, village, animal, plant, album, film or written work, the text refers to which one?",WrittenWork
65,given_a_list_of_category_what_does_the_title_belong_to,"""Lamprothyrsus"", given a list of categories: company, educational institution, artist, athlete, office holder, mean of transportation, building, natural place, village, animal, plant, album, film or written work, what category does the title belong to?",Plant
66,given_list_what_category_does_the_paragraph_belong_to,"Francis Payne is an Australian writer of speculative fiction. Given a list of categories: company, educational institution, artist, athlete, office holder, mean of transportation, building, natural place, village, animal, plant, album, film or written work, what category does the paragraph belong to?",Artist
67,pick_one_category_for_the_following_text,"Pick one category for the following text. The options are - company, educational institution, artist, athlete, office holder, mean of transportation, building, natural place, village, animal, plant, album, film or written work. Café Magazine -  Café Magazine is a monthly Swedish men's magazine focused on fashion style and culture including articles on food movies fitness sex music travel sports technology and books. The magazine is comparable to U.S. publications such as Esquire and GQ.",WrittenWork
68,given_a_choice_of_categories ,"The g Factor: The Science of Mental Ability -  The g Factor: The Science of Mental Ability is a book by Arthur Jensen on the general factor of human mental ability or g. Given a choice of categories company, educational institution, artist, athlete, office holder, mean of transportation, building, natural place, village, animal, plant, album, film or written work, the text refers to which one?",WrittenWork
69,given_a_list_of_category_what_does_the_title_belong_to,"""Leonia (plant)"", given a list of categories: company, educational institution, artist, athlete, office holder, mean of transportation, building, natural place, village, animal, plant, album, film or written work, what category does the title belong to?",Plant
70,given_list_what_category_does_the_paragraph_belong_to,"The Fraternal Hall at 2nd and Chestnut Sts. in Kimball Nebraska was built in 1903-04. It includes Classical Revival architecture. It is now operated as Plains Historical Museum.The building was listed on the National Register of Historic Places in 1983. Given a list of categories: company, educational institution, artist, athlete, office holder, mean of transportation, building, natural place, village, animal, plant, album, film or written work, what category does the paragraph belong to?",Building
71,pick_one_category_for_the_following_text,"Pick one category for the following text. The options are - company, educational institution, artist, athlete, office holder, mean of transportation, building, natural place, village, animal, plant, album, film or written work. Pölshals Pass -  Pölshals Pass elevation 815 m (2674 ft) is a mountain pass in the Alps in the Austrian Bundesland of Styria.It connects Pöls with the valley of the Mur River.The pass was already in use in Roman times.",NaturalPlace
72,given_a_choice_of_categories ,"Dove River (Tasman) -  The Dove River is a river in the Tasman Region of New Zealand. It arises in hills between the Wai-iti River and Motueka River and flows north-west into the Motueka near the locality of Woodstock. The river is named for the native pigeons once found in the forests around the river.Brown trout can be found in the lower reaches of the river. Given a choice of categories company, educational institution, artist, athlete, office holder, mean of transportation, building, natural place, village, animal, plant, album, film or written work, the text refers to which one?",NaturalPlace
73,given_a_list_of_category_what_does_the_title_belong_to,"""Josh Scobey"", given a list of categories: company, educational institution, artist, athlete, office holder, mean of transportation, building, natural place, village, animal, plant, album, film or written work, what category does the title belong to?",Athlete
74,given_list_what_category_does_the_paragraph_belong_to,"Unholy Rollers is a 1972 American action comedy film directed by Vernon Zimmerman and starring Claudia Jennings. Given a list of categories: company, educational institution, artist, athlete, office holder, mean of transportation, building, natural place, village, animal, plant, album, film or written work, what category does the paragraph belong to?",Film
75,pick_one_category_for_the_following_text,"Pick one category for the following text. The options are - company, educational institution, artist, athlete, office holder, mean of transportation, building, natural place, village, animal, plant, album, film or written work. Søndre Folgefonna -  Søndre Folgefonna is the third largest glacier in mainland Norway and is the largest of the three glaciers constituting Folgefonna. Its highest point is 1660 m (5446 ft) above sea level and its lowest point is 490 m (1608 ft) above sea level.",NaturalPlace
76,given_a_choice_of_categories ,"Marysin Gmina Bychawa -  Marysin [maˈrɨɕin] is a village in the administrative district of Gmina Bychawa within Lublin County Lublin Voivodeship in eastern Poland. Given a choice of categories company, educational institution, artist, athlete, office holder, mean of transportation, building, natural place, village, animal, plant, album, film or written work, the text refers to which one?",Village
77,given_a_list_of_category_what_does_the_title_belong_to,"""Grenada Tree Anole"", given a list of categories: company, educational institution, artist, athlete, office holder, mean of transportation, building, natural place, village, animal, plant, album, film or written work, what category does the title belong to?",Animal
78,given_list_what_category_does_the_paragraph_belong_to,"Cyclamen rohlfsianum is a perennial growing from a tuber native to shrubland especially in limestone cracks up to 450 m (1500 ft) above sea level in a small area of northeastern Libya. It is one of the tenderest cyclamen species.The plant was discovered by Friedrich Gerhard Rohlfs in 1879 and was named after him in 1897 by Paul Friedrich August Ascherson. Given a list of categories: company, educational institution, artist, athlete, office holder, mean of transportation, building, natural place, village, animal, plant, album, film or written work, what category does the paragraph belong to?",Plant
79,pick_one_category_for_the_following_text,"Pick one category for the following text. The options are - company, educational institution, artist, athlete, office holder, mean of transportation, building, natural place, village, animal, plant, album, film or written work. Jonathan Fritzén -  Jonathan Fritzen (born October 11 1982) is a contemporary jazz pianist and multi-instrumentalist.",Artist
80,given_a_choice_of_categories ,"Fear of Flying (novel) -  Fear of Flying is a 1973 novel by Erica Jong which became famously controversial for its attitudes towards female sexuality and figured in the development of second-wave feminism.The novel is written in the first person: narrated by its protagonist Isadora Zelda White Stollerman Wing a 29-year-old poet who has published two books of poetry. On a trip to Vienna with her second husband Isadora decides to indulge her sexual fantasies with another man. Given a choice of categories company, educational institution, artist, athlete, office holder, mean of transportation, building, natural place, village, animal, plant, album, film or written work, the text refers to which one?",WrittenWork
81,given_a_list_of_category_what_does_the_title_belong_to,"""Pajumaa"", given a list of categories: company, educational institution, artist, athlete, office holder, mean of transportation, building, natural place, village, animal, plant, album, film or written work, what category does the title belong to?",Village
82,given_list_what_category_does_the_paragraph_belong_to,"Gyldendalske Boghandel Nordisk Forlag A/S usually referred to simply as Gyldendal (Danish pronunciation: [ˈɡylˀəndæˀl]; OMX: GYLD A GYLD B) is a Danish publishing house. Founded in 1770 by Søren Gyldendal it is the oldest and largest publishing house in Denmark offering a wide selection of books including fiction non-fiction and dictionaries. Prior to 1925 it was also the leading publishing house in Norway and it published all of Henrik Ibsen's works. Given a list of categories: company, educational institution, artist, athlete, office holder, mean of transportation, building, natural place, village, animal, plant, album, film or written work, what category does the paragraph belong to?",Company
83,pick_one_category_for_the_following_text,"Pick one category for the following text. The options are - company, educational institution, artist, athlete, office holder, mean of transportation, building, natural place, village, animal, plant, album, film or written work. Leonardo Migliónico -  Leonardo Martín Migliónico (born 31 January 1980 in Montevideo) is a Uruguayan footballer who plays as a defender for First Division side Racing Club.",Athlete
84,given_a_choice_of_categories ,"Ferruginous Partridge -  The Ferruginous Partridge (Caloperdix oculeus) is a species of bird in the Phasianidae family. It belongs to the monotypical genus Caloperdix. It is found in Indonesia Malaysia Myanmar and Thailand.Its natural habitats are subtropical or tropical dry forests and subtropical or tropical moist lowland forests. It is threatened by habitat loss. Given a choice of categories company, educational institution, artist, athlete, office holder, mean of transportation, building, natural place, village, animal, plant, album, film or written work, the text refers to which one?",Animal
85,given_a_list_of_category_what_does_the_title_belong_to,"""Colfax Carnegie Library"", given a list of categories: company, educational institution, artist, athlete, office holder, mean of transportation, building, natural place, village, animal, plant, album, film or written work, what category does the title belong to?",Building
86,given_list_what_category_does_the_paragraph_belong_to,"Riccardo Tisci (born in 1974 in Taranto Italy) is an Italian fashion designer. He studied in Italy and then graduated from London's Central Saint Martins Academy in 1999 and in 2005 was named Creative Director for Givenchy womenswear and haute couture. Given a list of categories: company, educational institution, artist, athlete, office holder, mean of transportation, building, natural place, village, animal, plant, album, film or written work, what category does the paragraph belong to?",Artist
87,pick_one_category_for_the_following_text,"Pick one category for the following text. The options are - company, educational institution, artist, athlete, office holder, mean of transportation, building, natural place, village, animal, plant, album, film or written work. The Notwist (album) -  The Notwist is the self-titled debut album from the German musical group The Notwist. The record presents a side of the band which has subsided considerably during their recent recordings. Early incarnations of the group saw them exploring very broad avenues of punk and metal while they would later veer more toward an abstract electronic and indie feel.",Album
88,given_a_choice_of_categories ,"Institute of Mathematical Sciences Chennai -  The Institute of Mathematical Sciences (IMSc) (sometimes also referred to as Matscience) is a research centre located in Chennai India.IMSc is a national institute for fundamental research in frontier disciplines of the mathematical and physical sciences: theoretical computer science mathematics and theoretical physics. It is funded mainly by the Department of Atomic Energy. Given a choice of categories company, educational institution, artist, athlete, office holder, mean of transportation, building, natural place, village, animal, plant, album, film or written work, the text refers to which one?",EducationalInstitution
89,given_a_list_of_category_what_does_the_title_belong_to,"""Zamia vazquezii"", given a list of categories: company, educational institution, artist, athlete, office holder, mean of transportation, building, natural place, village, animal, plant, album, film or written work, what category does the title belong to?",Plant
90,given_list_what_category_does_the_paragraph_belong_to,"Bikinis Sports Bar & Grill is a chain of sports bars and restaurants which are primarily located in Texas but with locations in two other states. The restaurant chain is known for its scantily clad waitresses whose uniforms consist of its eponymous bikini tops cowboy boots and tight short denim shorts. The chain is also known for trademarking the term breastaurant (a common term for this and similar restaurants) and purchasing a ghost town that was subsequently renamed Bikinis Texas. Given a list of categories: company, educational institution, artist, athlete, office holder, mean of transportation, building, natural place, village, animal, plant, album, film or written work, what category does the paragraph belong to?",Company
91,pick_one_category_for_the_following_text,"Pick one category for the following text. The options are - company, educational institution, artist, athlete, office holder, mean of transportation, building, natural place, village, animal, plant, album, film or written work. Seman -  The Seman is a river in western Albania. It is formed at the confluence of the rivers Osum and Devoll a few km northwest of Kuçovë. It flows west through Fier-Shegan and Mbrostar (near Fier). It flows into the Adriatic Sea near Topojë.In ancient times the Seman River was known as the Apsus River.",NaturalPlace
92,given_a_choice_of_categories ,"South East High School (South Gate California) -  South East High School is a comprehensive four-year high school located in the southeast area of South Gate California.The school is located in the Los Angeles Unified School District and serves grades 9 through 12. Given a choice of categories company, educational institution, artist, athlete, office holder, mean of transportation, building, natural place, village, animal, plant, album, film or written work, the text refers to which one?",EducationalInstitution
93,given_a_list_of_category_what_does_the_title_belong_to,"""Barngalow"", given a list of categories: company, educational institution, artist, athlete, office holder, mean of transportation, building, natural place, village, animal, plant, album, film or written work, what category does the title belong to?",Building
94,given_list_what_category_does_the_paragraph_belong_to,"Houttuynia is a genus of two species in the Saururaceae native to Southeast Asia. One species H. cordata is widely cultivated as a culinary herb. The genus was originally described in 1783 by Carl Peter Thunberg when he formally described H. cordata as the only species. It remained a monotypic genus until 2001 when Zheng Yin Zhu and Shi Liang Zhang discovered and described a second species native to China H. emeiensis. Given a list of categories: company, educational institution, artist, athlete, office holder, mean of transportation, building, natural place, village, animal, plant, album, film or written work, what category does the paragraph belong to?",Plant
95,pick_one_category_for_the_following_text,"Pick one category for the following text. The options are - company, educational institution, artist, athlete, office holder, mean of transportation, building, natural place, village, animal, plant, album, film or written work. Mexican Teenagers EP -  Mexican Teenagers is an EP by American Guitarist Kaki King released in 2009.",Album
96,given_a_choice_of_categories ,"Policybazaar India -  Policybazaar is an Indian online life insurance and general insurance comparison portal. Policybazaar.com is today India’s most prominent[citation needed] online life and general insurance comparison. Plociybazaar.com is not a web aggregator as per the definition of the regulator: list of approved web aggregators. This means that Policybazaar.com can act only as a comparison site but cannot be used for purchase of insurance policies directly. Given a choice of categories company, educational institution, artist, athlete, office holder, mean of transportation, building, natural place, village, animal, plant, album, film or written work, the text refers to which one?",Company
97,given_a_list_of_category_what_does_the_title_belong_to,"""John Willock Noble"", given a list of categories: company, educational institution, artist, athlete, office holder, mean of transportation, building, natural place, village, animal, plant, album, film or written work, what category does the title belong to?",OfficeHolder
98,given_list_what_category_does_the_paragraph_belong_to,"The Bridge of San Luis Rey is a 2004 drama film directed by Mary McGuckian and featuring an ensemble cast of American and international actors. It is based on Thornton Wilder's novel of the same name. The film was released in 2004 in Spain and 2005 in the U.S. and abroad. Despite praise for its costume design the film was poorly received by critics. Given a list of categories: company, educational institution, artist, athlete, office holder, mean of transportation, building, natural place, village, animal, plant, album, film or written work, what category does the paragraph belong to?",Film
99,pick_one_category_for_the_following_text,"Pick one category for the following text. The options are - company, educational institution, artist, athlete, office holder, mean of transportation, building, natural place, village, animal, plant, album, film or written work. Guizhou Aircraft Industry Corporation -  Guizhou Aviation Industry Import/Export Company (GAIEC) is a Chinese aircraft manufacturer and military aircraft in Guizhou province. The company's products include trainers turbojets missiles and launchers. Within a join venture with Subaru named Yunque they've also built Chinese license versions of cars like Subaru Rex and Subaru Vivio.",Company
100,given_a_choice_of_categories ,"Physaria fremontii -  Physaria fremontii (syn. Lesquerella fremontii) is a species of flowering plant in the mustard family known by the common name Fremont's bladderpod. It is endemic to Wyoming in the United States where it occurs only in and around the Wind River Range in Fremont County.This species is a perennial herb growing from a taproot and producing decumbent or prostrate stems up to 15 centimeters long. The basal leaves are up to four or five centimeters long with oval blades borne on petioles. Given a choice of categories company, educational institution, artist, athlete, office holder, mean of transportation, building, natural place, village, animal, plant, album, film or written work, the text refers to which one?",Plant
101,given_a_list_of_category_what_does_the_title_belong_to,"""Davidsonia johnsonii"", given a list of categories: company, educational institution, artist, athlete, office holder, mean of transportation, building, natural place, village, animal, plant, album, film or written work, what category does the title belong to?",Plant
102,given_list_what_category_does_the_paragraph_belong_to,"Oscar Peterson et Joe Pass à Salle Pleyel is a 1975 (see 1975 in music) live album by Oscar Peterson featuring Joe Pass. Given a list of categories: company, educational institution, artist, athlete, office holder, mean of transportation, building, natural place, village, animal, plant, album, film or written work, what category does the paragraph belong to?",Album
103,pick_one_category_for_the_following_text,"Pick one category for the following text. The options are - company, educational institution, artist, athlete, office holder, mean of transportation, building, natural place, village, animal, plant, album, film or written work. King Square Shopping Mall -  King Square Mall （王府井） is an Chinese commercial centre---named after the world famous merchandise King Square Street in Beijing will be established at a luxurious residential area north of Highway 7 around the year of 2014.",Building
104,given_a_choice_of_categories ,"The Best Years of Our Lives (Neil Diamond album) -  For other uses see The Best Years of Our Lives (disambiguation)The Best Years of Our Lives is the eighteenth studio album by Neil Diamond. It was released by Columbia Records in 1988 and reached number 46 on the Billboard 200 chart number 42 on the UK album chart and number 92 on the Australian chart.The album was certified gold by the RIAA on February 16 1989. Given a choice of categories company, educational institution, artist, athlete, office holder, mean of transportation, building, natural place, village, animal, plant, album, film or written work, the text refers to which one?",Album
105,given_a_list_of_category_what_does_the_title_belong_to,"""Les Cinq Dernières Minutes"", given a list of categories: company, educational institution, artist, athlete, office holder, mean of transportation, building, natural place, village, animal, plant, album, film or written work, what category does the title belong to?",Film
106,given_list_what_category_does_the_paragraph_belong_to,"Baron Dániel Bánffy de Losoncz (18 September 1893 – 7 April 1955) was a Hungarian politician who served as Minister of Agriculture between 1940 and 1944. His grandfather was Baron Dezső Bánffy who functioned as Speaker of the House of Representatives and Prime Minister.He farmed in his possessions in Transylvania from 1917 until 1940. In August 1940 the second Vienna Award granted the Northern Transylvania to Hungary. Given a list of categories: company, educational institution, artist, athlete, office holder, mean of transportation, building, natural place, village, animal, plant, album, film or written work, what category does the paragraph belong to?",OfficeHolder
107,pick_one_category_for_the_following_text,"Pick one category for the following text. The options are - company, educational institution, artist, athlete, office holder, mean of transportation, building, natural place, village, animal, plant, album, film or written work. Artic (tram) -  Artic also styled as ARTIC by the manufacturer is an articulated low-floor tram model designed and manufactured by Transtech Oy in Finland.In December 2010 the design was included in the winning tender to deliver 40 new trams to the Helsinki City Transport (HKL) the municipal tram operator of Helsinki Regional Transport Authority (HSL) with an option for 90 units more.",MeanOfTransportation
108,given_a_choice_of_categories ,"Gudenå -  Gudenå or Gudenåen (pronounced [ˈɡuˀðn̩ˌɔːˀn̩]) is Denmark's longest river and runs through the central parts of the Jutlandic peninsula. An anglicized version of the name often seen is 'The River Guden'.Gudenåen flows a total of 176 kilometres from Tinnet Krat in Vejle Municipality between Nørre Snede and Tørring-Uldum to Randers Fjord in Randers on a northward course which takes it through the central parts of Jutland. Given a choice of categories company, educational institution, artist, athlete, office holder, mean of transportation, building, natural place, village, animal, plant, album, film or written work, the text refers to which one?",NaturalPlace
109,given_a_list_of_category_what_does_the_title_belong_to,"""Dasun Madushan"", given a list of categories: company, educational institution, artist, athlete, office holder, mean of transportation, building, natural place, village, animal, plant, album, film or written work, what category does the title belong to?",Artist
110,given_list_what_category_does_the_paragraph_belong_to,"The George B. Swan House is located on the east side of Davenport Iowa United States. The Greek Revival style residence was built in 1881. It has been listed on the National Register of Historic Places since 1983. Given a list of categories: company, educational institution, artist, athlete, office holder, mean of transportation, building, natural place, village, animal, plant, album, film or written work, what category does the paragraph belong to?",Building
111,pick_one_category_for_the_following_text,"Pick one category for the following text. The options are - company, educational institution, artist, athlete, office holder, mean of transportation, building, natural place, village, animal, plant, album, film or written work. Tongues (Esham album) -  Tongues is the eighth studio album by Esham released in 2001. The album was also the final album Esham would release on Gothom until Sacrificial Lambz in 2008. The album also marked the return of an old horror/devil sound for Esham.",Album
112,given_a_choice_of_categories ,"Could We Survive -  Could We Survive is an EP from singer-songwriter/multi-instrumentalist Joseph Arthur. The EP was released in the US on March 18 2008. Could We Survive is the first in a series of four EPs released in anticipation for the release of Joseph's seventh studio album Temporary People on September 30. From Billboard.com:The title track Could We Survive appeared in the House M.D. episode Lucky Thirteen which first aired on October 21 2008. Given a choice of categories company, educational institution, artist, athlete, office holder, mean of transportation, building, natural place, village, animal, plant, album, film or written work, the text refers to which one?",Album
113,given_a_list_of_category_what_does_the_title_belong_to,"""SS Princess Beatrice"", given a list of categories: company, educational institution, artist, athlete, office holder, mean of transportation, building, natural place, village, animal, plant, album, film or written work, what category does the title belong to?",MeanOfTransportation
114,given_list_what_category_does_the_paragraph_belong_to,"Hantabad (Persian: حنط اباد‎ also Romanized as Ḩanţābād; also known as Handābād and Khantābād) is a village in Rivand Rural District in the Central District of Nishapur County Razavi Khorasan Province Iran. At the 2006 census its population was 39 in 10 families. Given a list of categories: company, educational institution, artist, athlete, office holder, mean of transportation, building, natural place, village, animal, plant, album, film or written work, what category does the paragraph belong to?",Village
115,pick_one_category_for_the_following_text,"Pick one category for the following text. The options are - company, educational institution, artist, athlete, office holder, mean of transportation, building, natural place, village, animal, plant, album, film or written work. Baboia River -  The Baboia River or Eruga River is a tributary of the Desnățui River in Romania.",NaturalPlace
116,given_a_choice_of_categories ,"Roger Chappot -  Roger Chappot (born October 17 1940) is a retired Swiss professional ice hockey player who played for HC Villars in the National League A. He also represented the Swiss national team at the 1964 Winter Olympics. Given a choice of categories company, educational institution, artist, athlete, office holder, mean of transportation, building, natural place, village, animal, plant, album, film or written work, the text refers to which one?",Athlete
117,given_a_list_of_category_what_does_the_title_belong_to,"""Willow-Spence Streets Historic District"", given a list of categories: company, educational institution, artist, athlete, office holder, mean of transportation, building, natural place, village, animal, plant, album, film or written work, what category does the title belong to?",Building
118,given_list_what_category_does_the_paragraph_belong_to,"St Nicholas' Church Normanton is a redundant Anglican church in Normanton-on-Cliffe Lincolnshire England. It is designated by English Heritage as a Grade II* listed building and is under the care of the Churches Conservation Trust. It stands beside the road between Grantham and Lincoln. Given a list of categories: company, educational institution, artist, athlete, office holder, mean of transportation, building, natural place, village, animal, plant, album, film or written work, what category does the paragraph belong to?",Building
119,pick_one_category_for_the_following_text,"Pick one category for the following text. The options are - company, educational institution, artist, athlete, office holder, mean of transportation, building, natural place, village, animal, plant, album, film or written work. USS Volans (AKS-9) -  USS Volans (AKS-9) was an Acubens-class general stores issue ship commissioned by the U.S. Navy for service in World War II. She was responsible for delivering and disbursing goods and equipment to locations in the war zone.",MeanOfTransportation
120,given_a_choice_of_categories ,"Providence Christian College -  Providence Christian College is a WASC accredited four-year liberal arts college in Pasadena California. Given a choice of categories company, educational institution, artist, athlete, office holder, mean of transportation, building, natural place, village, animal, plant, album, film or written work, the text refers to which one?",EducationalInstitution
121,given_a_list_of_category_what_does_the_title_belong_to,"""Plasma Sources Science and Technology"", given a list of categories: company, educational institution, artist, athlete, office holder, mean of transportation, building, natural place, village, animal, plant, album, film or written work, what category does the title belong to?",WrittenWork
122,given_list_what_category_does_the_paragraph_belong_to,"Speedy (born Juan Antonio Ortiz Garcia on September 10 1979) is a Puerto Rican Reggaeton artist.In 2005 he released a remix of the single Siéntelo which was originally recorded for the 2001 various artists compilation Sandunguero by DJ Blass. The remix featured Lumidee and hit the Top 10 in Belgium Finland France Switzerland and the Netherlands.Other artists he has worked with include Plan B Daddy Yankee and Lito & Polaco. Given a list of categories: company, educational institution, artist, athlete, office holder, mean of transportation, building, natural place, village, animal, plant, album, film or written work, what category does the paragraph belong to?",Artist
123,pick_one_category_for_the_following_text,"Pick one category for the following text. The options are - company, educational institution, artist, athlete, office holder, mean of transportation, building, natural place, village, animal, plant, album, film or written work. Albert Bouchard -  Albert Bouchard (born May 24 1947) is a American drummer guitarist singer and songwriter. He was a founding member of the American hard rock band Blue Öyster Cult.",Artist
124,given_a_choice_of_categories ,"Scott James Meyer -  Scott James Meyer is an attorney comedian and writer currently based out of Birmingham Alabama. Given a choice of categories company, educational institution, artist, athlete, office holder, mean of transportation, building, natural place, village, animal, plant, album, film or written work, the text refers to which one?",Artist
125,given_a_list_of_category_what_does_the_title_belong_to,"""Into the Storm (2009 film)"", given a list of categories: company, educational institution, artist, athlete, office holder, mean of transportation, building, natural place, village, animal, plant, album, film or written work, what category does the title belong to?",Film
126,given_list_what_category_does_the_paragraph_belong_to,"South Dakota State University is the largest university in the U.S. state of South Dakota located in Brookings. A public land-grant university and sun grant college founded under the provisions of the 1862 Morrill Act SDSU offers programs of study required by or harmonious to this Act. In step with this land-grant heritage and mission SDSU has a special focus on academic programs in agriculture engineering nursing and pharmacy as well as the liberal arts. Given a list of categories: company, educational institution, artist, athlete, office holder, mean of transportation, building, natural place, village, animal, plant, album, film or written work, what category does the paragraph belong to?",EducationalInstitution
127,pick_one_category_for_the_following_text,"Pick one category for the following text. The options are - company, educational institution, artist, athlete, office holder, mean of transportation, building, natural place, village, animal, plant, album, film or written work. Broadway (cyclecar) -  The Broadway was a British 4 wheeled cyclecar made only in 1913 by the Broadway Cyclecar Co of Coventry.The car was powered by an air-cooled V twin engine made by Fafnir driving the rear wheels by a two speed gearbox and belts. It cost GBP80.",MeanOfTransportation
128,given_a_choice_of_categories ,"The Matchmaker (1958 film) -  The Matchmaker is a 1958 American comedy film directed by Joseph Anthony. The screenplay by John Michael Hayes is based on the 1955 play of the same name by Thornton Wilder. Given a choice of categories company, educational institution, artist, athlete, office holder, mean of transportation, building, natural place, village, animal, plant, album, film or written work, the text refers to which one?",Film
129,given_a_list_of_category_what_does_the_title_belong_to,"""Richard Roeper"", given a list of categories: company, educational institution, artist, athlete, office holder, mean of transportation, building, natural place, village, animal, plant, album, film or written work, what category does the title belong to?",Artist
130,given_list_what_category_does_the_paragraph_belong_to,"The Avro 626 is a single-engined British biplane trainer aircraft produced by Avro during the inter war period. Given a list of categories: company, educational institution, artist, athlete, office holder, mean of transportation, building, natural place, village, animal, plant, album, film or written work, what category does the paragraph belong to?",MeanOfTransportation
131,pick_one_category_for_the_following_text,"Pick one category for the following text. The options are - company, educational institution, artist, athlete, office holder, mean of transportation, building, natural place, village, animal, plant, album, film or written work. The Thirteenth Anniversary Show -  The Thirteenth Anniversary tour was a triumph both financially and critically for the Residents. It was also the last time Snakefinger would work with them as he died of a heart attack in 1987. The official album release of The Thirteenth Anniversary Show in 1987 was a recording of the show in Japan.",Album
132,given_a_choice_of_categories ,"Koruköy Adıyaman -  Koruköy is a village in the District of Adıyaman Adıyaman Province Turkey. Given a choice of categories company, educational institution, artist, athlete, office holder, mean of transportation, building, natural place, village, animal, plant, album, film or written work, the text refers to which one?",Village
133,given_a_list_of_category_what_does_the_title_belong_to,"""Matsuya Co."", given a list of categories: company, educational institution, artist, athlete, office holder, mean of transportation, building, natural place, village, animal, plant, album, film or written work, what category does the title belong to?",Company
134,given_list_what_category_does_the_paragraph_belong_to,"Notebook (Malayalam: നോട്ട്ബുക്ക്‌) is a 2006 Malayalam teen film directed by Rosshan Andrrews and written by Bobby Sanjay. It is about three students at a boarding school and how they face up to challenges in their lives. The film dealt with the subject of teenage pregnancy. The film was praised for handling a rare and relevant subject but the overall critical and box-office responses were mixed. Given a list of categories: company, educational institution, artist, athlete, office holder, mean of transportation, building, natural place, village, animal, plant, album, film or written work, what category does the paragraph belong to?",Film
135,pick_one_category_for_the_following_text,"Pick one category for the following text. The options are - company, educational institution, artist, athlete, office holder, mean of transportation, building, natural place, village, animal, plant, album, film or written work. Xaverian Primary School -  Xaverian Primary SchoolXaverian Primary School is one of the oldest schools in Kenya. The foundation stone was laid by Rt. Rev. F. Hall D.D. the Bishop of Kisumu on 18 September 1955 and was opened by Dr. A. Ressano Garcia (the Consul General for Portugal) on 22 July 1956.The school is located in Kisumu Country (0° 6’ 23.94S 34° 45’ 30.83E) close to the shores of Lake Victoria.",EducationalInstitution
136,given_a_choice_of_categories ,"Veritas Academy (Austin Texas) -  Veritas Academy is a private classical Christian university-model school located on the property of the First Evangelical Free Church (FEFC) in southwest Austin Texas It is a private classical college prep school that seeks to train hearts and minds for the glory of God through rigorous curricula character education competitive athletics fine & performing arts and an array of extra‐ and cocurricular activities. offering primary and secondary education in grades K-12.Veritas opened in August 2005.  Given a choice of categories company, educational institution, artist, athlete, office holder, mean of transportation, building, natural place, village, animal, plant, album, film or written work, the text refers to which one?",EducationalInstitution
137,given_a_list_of_category_what_does_the_title_belong_to,"""So You Want to Be a Wizard"", given a list of categories: company, educational institution, artist, athlete, office holder, mean of transportation, building, natural place, village, animal, plant, album, film or written work, what category does the title belong to?",WrittenWork
138,given_list_what_category_does_the_paragraph_belong_to,"Helenów [xɛˈlɛnuf] is a village in the administrative district of Gmina Zwoleń within Zwoleń County Masovian Voivodeship in east-central Poland. It lies approximately 7 kilometres (4 mi) east of Zwoleń and 105 km (65 mi) south-east of Warsaw.The village has a population of 50. Given a list of categories: company, educational institution, artist, athlete, office holder, mean of transportation, building, natural place, village, animal, plant, album, film or written work, what category does the paragraph belong to?",Village
139,pick_one_category_for_the_following_text,"Pick one category for the following text. The options are - company, educational institution, artist, athlete, office holder, mean of transportation, building, natural place, village, animal, plant, album, film or written work. Eupithecia vinibua -  Eupithecia vinibua is a moth in the Geometridae family. It is found in Kashmir.The wingspan is about 15.5 mm. The fore- and hindwings are dark greyish brown.",Animal
140,given_a_choice_of_categories ,"Celtis planchoniana -  Celtis planchoniana is a deciduous tree in the Celtis genus native to parts of eastern Europe and western Asia. Given a choice of categories company, educational institution, artist, athlete, office holder, mean of transportation, building, natural place, village, animal, plant, album, film or written work, the text refers to which one?",Plant
141,given_a_list_of_category_what_does_the_title_belong_to,"""Deh-e Masud"", given a list of categories: company, educational institution, artist, athlete, office holder, mean of transportation, building, natural place, village, animal, plant, album, film or written work, what category does the title belong to?",Village
142,given_list_what_category_does_the_paragraph_belong_to,"Brzostno [ˈbʐɔstnɔ] is a village in the administrative district of Gmina Choszczno within Choszczno County West Pomeranian Voivodeship in north-western Poland. It lies approximately 15 kilometres (9 mi) east of Choszczno and 75 km (47 mi) east of the regional capital Szczecin.Before 1945 the area was part of Germany. For the history of the region see History of Pomerania. Given a list of categories: company, educational institution, artist, athlete, office holder, mean of transportation, building, natural place, village, animal, plant, album, film or written work, what category does the paragraph belong to?",Village
143,pick_one_category_for_the_following_text,"Pick one category for the following text. The options are - company, educational institution, artist, athlete, office holder, mean of transportation, building, natural place, village, animal, plant, album, film or written work. Atlantic 85-class lifeboat -  The Atlantic 85 is part of the B class of lifeboats that serve the shores of the United Kingdom and Ireland as a part of the RNLI inshore fleet.The Atlantic 85 is the third generation B Class Rigid Inflatable Boat (RIB) developed from the Atlantic 21 and the later Atlantic 75. The Atlantic class of lifeboats is named after Atlantic College where the design was originally developed.",MeanOfTransportation
144,given_a_choice_of_categories ,"Dipterocome -  Dipterocome is a genus of flowering plants in the daisy family. Given a choice of categories company, educational institution, artist, athlete, office holder, mean of transportation, building, natural place, village, animal, plant, album, film or written work, the text refers to which one?",Plant
145,given_a_list_of_category_what_does_the_title_belong_to,"""Barbara Erskine"", given a list of categories: company, educational institution, artist, athlete, office holder, mean of transportation, building, natural place, village, animal, plant, album, film or written work, what category does the title belong to?",Artist
146,given_list_what_category_does_the_paragraph_belong_to,"Daniel S. DeCarlo (December 12 1919 – December 18 2001) was an American cartoonist best known as the artist who developed the look of Archie Comics in the late 1950s and early 1960s modernizing the characters to their contemporary appearance and establishing the publisher's house style. As well he is the generally recognized creator of the characters Sabrina the Teenage Witch Josie and the Pussycats (with the lead character named for his wife) and Cheryl Blossom. Given a list of categories: company, educational institution, artist, athlete, office holder, mean of transportation, building, natural place, village, animal, plant, album, film or written work, what category does the paragraph belong to?",Artist
147,pick_one_category_for_the_following_text,"Pick one category for the following text. The options are - company, educational institution, artist, athlete, office holder, mean of transportation, building, natural place, village, animal, plant, album, film or written work. The Song Remains the Same (film) -  The Song Remains the Same is a concert film featuring the English rock band Led Zeppelin. The filming took place during three nights of concerts at Madison Square Garden in New York City in the summer of 1973 with additional footage shot at Shepperton Studios due to cameramen's unacceptable work at the concerts. The film premiered on 20 October 1976 at Cinema I in New York and at Warner West End Cinema in London two weeks later. It was accompanied by a soundtrack album of the same name.",Film
148,given_a_choice_of_categories ,"Good Morning President -  Good Morning President (Hangul: 굿모닝 프레지던트; RR: Gutmoning peurejideonteu) is a 2009 South Korean film written and directed by Jang Jin that takes viewers to the private quarters of the Blue House during the terms of three fictional presidents (played by Lee Soon-jae Jang Dong-gun and Go Doo-shim) each trapped between political and ethical choices. It was chosen as the opening film of the 14th Busan International Film Festival and was released in theaters on October 22 2009. Given a choice of categories company, educational institution, artist, athlete, office holder, mean of transportation, building, natural place, village, animal, plant, album, film or written work, the text refers to which one?",Film
149,given_a_list_of_category_what_does_the_title_belong_to,"""Vasconcellea"", given a list of categories: company, educational institution, artist, athlete, office holder, mean of transportation, building, natural place, village, animal, plant, album, film or written work, what category does the title belong to?",Plant
